<?xml version="1.0" ?>
<MolecularData>
<HumanMolecularData>
    <Molecule>
        <ID>M145</ID>
        <BondStrength>21</BondStrength>
        <Bonds>
            <MoleculeID>M46</MoleculeID>
            <MoleculeID>M88</MoleculeID>
        </Bonds>
    </Molecule>
    <Molecule>
        <ID>M46</ID>
        <BondStrength>34</BondStrength>
        <Bonds>
            <MoleculeID>M145</MoleculeID>
        </Bonds>
    </Molecule>
    <Molecule>
        <ID>M88</ID>
        <BondStrength>62</BondStrength>
        <Bonds>
            <MoleculeID>M145</MoleculeID>
        </Bonds>
    </Molecule>
    <Molecule>
        <ID>M518</ID>
        <BondStrength>53</BondStrength>
        <Bonds>
            <MoleculeID>M615</MoleculeID>
            <MoleculeID>M49</MoleculeID>
            <MoleculeID>M819</MoleculeID>
        </Bonds>
    </Molecule>
    <Molecule>
        <ID>M615</ID>
        <BondStrength>32</BondStrength>
        <Bonds>
            <MoleculeID>M518</MoleculeID>
            <MoleculeID>M49</MoleculeID>
            <MoleculeID>M819</MoleculeID>
        </Bonds>
    </Molecule>
    <Molecule>
        <ID>M49</ID>
        <BondStrength>23</BondStrength>
        <Bonds>
            <MoleculeID>M615</MoleculeID>
            <MoleculeID>M518</MoleculeID>
        </Bonds>
    </Molecule>
    <Molecule>
        <ID>M819</ID>
        <BondStrength>98</BondStrength>
        <Bonds>
            <MoleculeID>M615</MoleculeID>
            <MoleculeID>M518</MoleculeID>
        </Bonds>
    </Molecule>
    <Molecule>
        <ID>M564</ID>
        <BondStrength>44</BondStrength>
        <Bonds>
            <MoleculeID>M131</MoleculeID>
            <MoleculeID>M292</MoleculeID>
            <MoleculeID>M532</MoleculeID>
            <MoleculeID>M191</MoleculeID>
        </Bonds>
    </Molecule>
    <Molecule>
        <ID>M131</ID>
        <BondStrength>38</BondStrength>
        <Bonds>
            <MoleculeID>M564</MoleculeID>
        </Bonds>
    </Molecule>
    <Molecule>
        <ID>M292</ID>
        <BondStrength>27</BondStrength>
        <Bonds>
            <MoleculeID>M564</MoleculeID>
        </Bonds>
    </Molecule>
    <Molecule>
        <ID>M532</ID>
        <BondStrength>78</BondStrength>
        <Bonds>
            <MoleculeID>M564</MoleculeID>
        </Bonds>
    </Molecule>
    <Molecule>
        <ID>M191</ID>
        <BondStrength>50</BondStrength>
        <Bonds>
            <MoleculeID>M564</MoleculeID>
        </Bonds>
    </Molecule>
</HumanMolecularData>

<VitalesMolecularData>
	<Molecule>
		<ID>M15</ID>
		<BondStrength>110</BondStrength>
		<Bonds>
            <MoleculeID>M14</MoleculeID>
        </Bonds>
	</Molecule>
    <Molecule>
        <ID>M13</ID>
        <BondStrength>21</BondStrength>
        <Bonds>
            <MoleculeID>M14</MoleculeID>
            <MoleculeID>M15</MoleculeID>
        </Bonds>
    </Molecule>
    <Molecule>
        <ID>M14</ID>
        <BondStrength>34</BondStrength>
        <Bonds>
            <MoleculeID>M15</MoleculeID>
        </Bonds>
    </Molecule>
    <Molecule>
        <ID>M518</ID>
        <BondStrength>53</BondStrength>
        <Bonds>
            <MoleculeID>M615</MoleculeID>
            <MoleculeID>M49</MoleculeID>
            <MoleculeID>M819</MoleculeID>
        </Bonds>
    </Molecule>
    <Molecule>
        <ID>M615</ID>
        <BondStrength>32</BondStrength>
        <Bonds>
            <MoleculeID>M518</MoleculeID>
            <MoleculeID>M49</MoleculeID>
            <MoleculeID>M819</MoleculeID>
        </Bonds>
    </Molecule>
    <Molecule>
        <ID>M49</ID>
        <BondStrength>23</BondStrength>
        <Bonds>
            <MoleculeID>M615</MoleculeID>
            <MoleculeID>M518</MoleculeID>
        </Bonds>
    </Molecule>
    <Molecule>
        <ID>M819</ID>
        <BondStrength>98</BondStrength>
        <Bonds>
            <MoleculeID>M615</MoleculeID>
            <MoleculeID>M518</MoleculeID>
        </Bonds>
    </Molecule>
    <Molecule>
        <ID>M564</ID>
        <BondStrength>44</BondStrength>
        <Bonds>
            <MoleculeID>M4</MoleculeID>
            <MoleculeID>M12</MoleculeID>
            <MoleculeID>M532</MoleculeID>
        </Bonds>
    </Molecule>
    <Molecule>
        <ID>M4</ID>
        <BondStrength>38</BondStrength>
        <Bonds>
            <MoleculeID>M564</MoleculeID>
        </Bonds>
    </Molecule>
    <Molecule>
        <ID>M12</ID>
        <BondStrength>27</BondStrength>
        <Bonds>
            <MoleculeID>M564</MoleculeID>
        </Bonds>
    </Molecule>
    <Molecule>
        <ID>M532</ID>
        <BondStrength>78</BondStrength>
        <Bonds>
            <MoleculeID>M564</MoleculeID>
        </Bonds>
    </Molecule>
</VitalesMolecularData>
</MolecularData>